{
    "a_star": {
        "total_runs": 10,
        "successful_runs": 9,
        "collisions": 1,
        "timeouts": 0,
        "path_failures": 0,
        "completion_times_ms": [
            3019,
            1429,
            3780,
            1586,
            1831,
            3141,
            1251,
            4202,
            1698
        ],
        "path_lengths": [
            18,
            9,
            21,
            10,
            11,
            19,
            8,
            25,
            11
        ],
        "time_min_ms": 1251,
        "time_max_ms": 4202,
        "time_avg_ms": 2437.4444444444443,
        "path_len_min": 8,
        "path_len_max": 25,
        "path_len_avg": 14.666666666666666,
        "collision_rate": 0.1,
        "timeout_rate": 0.0,
        "path_failure_rate": 0.0,
        "success_rate": 0.9
    }
}